{"Loss D": 0.26121848821640015, "Loss G": 3.0373950004577637, "_timestamp": 1697619869.5790358, "_runtime": 212.50548577308655, "_step": 2394, "Real": {"_type": "images/separated", "width": 530, "height": 266, "format": "png", "count": 1, "filenames": ["media/images/Real_2325_98470ad84f83f346da1c.png"], "captions": ["Real"]}, "Fake": {"_type": "images/separated", "width": 530, "height": 266, "format": "png", "count": 1, "filenames": ["media/images/Fake_2326_cea75780f563382e4262.png"], "captions": ["Fake"]}, "_wandb": {"runtime": 212}}